recv_tsec,recv_tnsec,venue,stream_kind,shard_id,conn_epoch,conn_seq,symbol,payload_json
1780751796,850254000,spot,depth5,0,0,0,BTCUSDT,"{""asks"":[[""60944.51000000"",""1.30462000""],[""60944.52000000"",""0.00152000""],[""60944.53000000"",""0.00017000""],[""60945.02000000"",""0.00040000""],[""60945.11000000"",""0.00018000""]],""bids"":[[""60944.50000000"",""1.00640000""],[""60944.49000000"",""0.00116000""],[""60944.48000000"",""0.00017000""],[""60944.41000000"",""0.00018000""],[""60944.40000000"",""0.05257000""]],""lastUpdateId"":95191803481}"
1780751796,850327000,spot,depth_diff,0,0,1,BTCUSDT,"{""E"":1780751796814,""U"":95191803448,""a"":[[""60944.51000000"",""1.30462000""],[""60944.52000000"",""0.00152000""],[""60968.13000000"",""0.00000000""],[""60968.18000000"",""0.00400000""],[""61079.31000000"",""0.00142000""],[""80523.96000000"",""0.00132000""]],""b"":[[""60944.50000000"",""1.00640000""],[""60944.49000000"",""0.00116000""],[""60944.40000000"",""0.05257000""],[""60943.80000000"",""0.01674000""],[""60942.03000000"",""0.04130000""],[""60940.27000000"",""0.30319000""],[""60919.90000000"",""0.00400000""],[""60919.64000000"",""0.00000000""],[""54850.05000000"",""0.00451000""],[""48756.00000000"",""0.00209000""],[""48755.60000000"",""0.00020000""]],""e"":""depthUpdate"",""s"":""BTCUSDT"",""u"":95191803481}"
1780751796,949971000,spot,depth5,0,0,2,BTCUSDT,"{""asks"":[[""60944.51000000"",""1.32373000""],[""60944.52000000"",""0.00080000""],[""60944.53000000"",""0.00017000""],[""60945.02000000"",""0.00040000""],[""60945.11000000"",""0.00018000""]],""bids"":[[""60944.50000000"",""0.69327000""],[""60944.49000000"",""0.00116000""],[""60944.48000000"",""0.00017000""],[""60944.40000000"",""0.00027000""],[""60943.97000000"",""0.00018000""]],""lastUpdateId"":95191803614}"
1780751796,950184000,spot,depth_diff,0,0,3,BTCUSDT,"{""E"":1780751796914,""U"":95191803482,""a"":[[""60944.51000000"",""1.32373000""],[""60944.52000000"",""0.00080000""],[""60945.54000000"",""0.00073000""],[""60945.77000000"",""0.00009000""],[""60946.77000000"",""0.00000000""],[""60947.14000000"",""0.00040000""],[""60947.48000000"",""0.00000000""],[""60948.05000000"",""0.00894000""],[""60950.98000000"",""0.05231000""],[""60951.74000000"",""0.00000000""],[""60951.76000000"",""0.16408000""],[""60952.10000000"",""0.46898000""],[""60953.39000000"",""0.00009000""],[""60953.41000000"",""0.00000000""],[""60954.03000000"",""0.05221000""],[""60957.60000000"",""0.05221000""],[""60957.92000000"",""0.05221000""],[""60967.73000000"",""0.59074000""]],""b"":[[""60944.50000000"",""0.69327000""],[""60944.41000000"",""0.00000000""],[""60944.40000000"",""0.00027000""],[""60943.81000000"",""0.00000000""],[""60943.80000000"",""0.00018000""],[""60943.32000000"",""0.00009000""],[""60943.23000000"",""0.00018000""],[""60943.22000000"",""0.01604000""],[""60942.48000000"",""0.00000000""],[""60942.47000000"",""0.00018000""],[""60942.13000000"",""0.00000000""],[""60942.12000000"",""0.05257000""],[""60941.98000000"",""0.00018000""],[""60941.78000000"",""0.00000000""],[""60941.77000000"",""0.00018000""],[""60940.94000000"",""0.00018000""],[""60940.93000000"",""0.05267000""],[""60940.43000000"",""0.00018000""],[""60940.42000000"",""0.54175000""],[""60940.28000000"",""0.00009000""],[""60940.26000000"",""0.11266000""],[""60939.80000000"",""0.07092000""],[""60938.29000000"",""0.05240000""],[""60938.28000000"",""0.46898000""],[""60938.27000000"",""0.22320000""],[""60938.10000000"",""0.00000000""],[""60937.43000000"",""0.00000000""],[""60936.88000000"",""0.00000000""],[""60936.80000000"",""0.00000000""],[""60936.40000000"",""0.00820000""],[""60936.39000000"",""0.00000000""],[""60936.29000000"",""0.00310000""],[""60936.28000000"",""0.55188000""],[""60934.46000000"",""0.00000000""],[""60934.37000000"",""0.00000000""],[""60934.36000000"",""0.00000000""],[""60934.35000000"",""0.05221000""],[""60933.89000000"",""0.02000000""],[""60931.77000000"",""1.77082000""],[""60931.76000000"",""0.00000000""],[""60931.65000000"",""0.00000000""],[""60929.55000000"",""0.00000000""],[""60928.93000000"",""0.02000000""],[""60920.12000000"",""0.00482000""],[""60907.93000000"",""0.00614000""],[""54850.05000000"",""0.00480000""],[""48755.60000000"",""0.00000000""]],""e"":""depthUpdate"",""s"":""BTCUSDT"",""u"":95191803614}"
1780751797,49676000,spot,depth5,0,0,4,BTCUSDT,"{""asks"":[[""60944.51000000"",""1.26439000""],[""60944.52000000"",""0.00098000""],[""60944.53000000"",""0.00017000""],[""60945.02000000"",""0.00040000""],[""60945.11000000"",""0.00018000""]],""bids"":[[""60944.50000000"",""0.79798000""],[""60944.49000000"",""0.00107000""],[""60944.48000000"",""0.00017000""],[""60944.40000000"",""0.00009000""],[""60943.97000000"",""0.00009000""]],""lastUpdateId"":95191803738}"
1780751797,49839000,spot,depth_diff,0,0,5,BTCUSDT,"{""E"":1780751797014,""U"":95191803615,""a"":[[""60944.51000000"",""1.26439000""],[""60944.52000000"",""0.00098000""],[""60945.78000000"",""0.00018000""],[""60946.39000000"",""0.00018000""],[""60947.41000000"",""0.05240000""],[""60948.05000000"",""0.00000000""],[""60948.84000000"",""0.02000000""],[""60950.48000000"",""0.00059000""],[""60954.03000000"",""0.00000000""],[""60955.14000000"",""0.00000000""],[""60955.33000000"",""0.00000000""],[""60956.95000000"",""0.00000000""],[""60957.60000000"",""0.00000000""],[""60957.92000000"",""0.00000000""],[""60962.10000000"",""0.00000000""],[""60962.39000000"",""0.00400000""],[""60963.01000000"",""0.00200000""],[""60965.63000000"",""0.00000000""],[""60968.89000000"",""0.00000000""],[""60981.08000000"",""0.00615000""],[""60997.29000000"",""0.00009000""],[""61002.64000000"",""0.00009000""]],""b"":[[""60944.50000000"",""0.79798000""],[""60944.49000000"",""0.00107000""],[""60944.40000000"",""0.00009000""],[""60943.97000000"",""0.00009000""],[""60943.80000000"",""0.00000000""],[""60943.32000000"",""0.00027000""],[""60943.31000000"",""0.05230000""],[""60943.22000000"",""0.01622000""],[""60942.47000000"",""0.00000000""],[""60942.38000000"",""0.00018000""],[""60942.37000000"",""0.54174000""],[""60942.13000000"",""0.00018000""],[""60942.12000000"",""0.05248000""],[""60942.03000000"",""0.04130000""],[""60941.98000000"",""0.00000000""],[""60941.77000000"",""0.00000000""],[""60940.94000000"",""0.00000000""],[""60940.93000000"",""0.05267000""],[""60940.43000000"",""0.00000000""],[""60940.42000000"",""0.00018000""],[""60940.28000000"",""0.00000000""],[""60940.27000000"",""0.00018000""],[""60940.26000000"",""0.11284000""],[""60939.80000000"",""0.00018000""],[""60938.27000000"",""0.22320000""],[""60937.83000000"",""0.07092000""],[""60936.38000000"",""0.00048000""],[""60936.29000000"",""0.05531000""],[""60936.01000000"",""0.00070000""],[""60935.82000000"",""0.16408000""],[""60934.98000000"",""0.05221000""],[""60934.36000000"",""1.77082000""],[""60934.35000000"",""0.05221000""],[""60931.78000000"",""1.77082000""],[""60931.77000000"",""0.00000000""],[""60929.55000000"",""2.29055000""],[""60929.06000000"",""0.00000000""],[""60926.43000000"",""0.00200000""],[""60926.35000000"",""0.00400000""],[""60925.99000000"",""0.00000000""],[""60920.12000000"",""0.00000000""],[""60907.93000000"",""0.00614000""],[""56709.46000000"",""0.00045000""],[""54850.05000000"",""0.00480000""],[""48755.60000000"",""0.00041000""]],""e"":""depthUpdate"",""s"":""BTCUSDT"",""u"":95191803738}"
1780751797,140329000,spot,trade,0,0,6,BTCUSDT,"{""E"":1780751797104,""M"":true,""T"":1780751797103,""e"":""trade"",""m"":true,""p"":""60944.50000000"",""q"":""0.00798000"",""s"":""BTCUSDT"",""t"":6378737277}"
1780751797,149252000,spot,depth5,0,0,7,BTCUSDT,"{""asks"":[[""60944.51000000"",""0.92598000""],[""60944.52000000"",""0.00089000""],[""60944.53000000"",""0.00017000""],[""60945.02000000"",""0.00040000""],[""60945.11000000"",""0.00018000""]],""bids"":[[""60944.50000000"",""1.11209000""],[""60944.49000000"",""0.00107000""],[""60944.48000000"",""0.00017000""],[""60944.40000000"",""0.00009000""],[""60943.97000000"",""0.00009000""]],""lastUpdateId"":95191803827}"
1780751797,149337000,spot,depth_diff,0,0,8,BTCUSDT,"{""E"":1780751797114,""U"":95191803739,""a"":[[""60944.51000000"",""0.92598000""],[""60944.52000000"",""0.00089000""],[""60945.61000000"",""0.08036000""],[""60945.77000000"",""0.00000000""],[""60945.78000000"",""0.00000000""],[""60946.00000000"",""0.00618000""],[""60946.39000000"",""0.00000000""],[""60946.88000000"",""0.00009000""],[""60947.35000000"",""0.01649000""],[""60947.41000000"",""0.05258000""],[""60948.60000000"",""0.05240000""],[""60948.84000000"",""0.00000000""],[""60949.38000000"",""0.00000000""],[""60950.24000000"",""0.02000000""],[""60952.62000000"",""0.00048000""],[""81720.40000000"",""0.00087000""]],""b"":[[""60944.50000000"",""1.11209000""],[""60943.31000000"",""0.05248000""],[""60943.22000000"",""0.01622000""],[""60942.37000000"",""0.54192000""],[""60941.80000000"",""0.02000000""],[""60940.93000000"",""0.05258000""],[""60940.54000000"",""0.07092000""],[""60940.42000000"",""0.00000000""],[""60940.27000000"",""0.00000000""],[""60940.26000000"",""0.11275000""],[""60939.80000000"",""0.00000000""],[""60939.43000000"",""0.06818000""],[""60938.76000000"",""0.15216000""],[""60938.27000000"",""0.22311000""],[""60937.83000000"",""0.00000000""],[""60936.38000000"",""0.00000000""],[""60936.01000000"",""0.00000000""],[""60933.89000000"",""0.00000000""],[""60933.30000000"",""0.00044000""],[""60933.23000000"",""0.27993000""],[""60927.03000000"",""0.00000000""],[""54850.05000000"",""0.00490000""],[""54846.24000000"",""0.00000000""]],""e"":""depthUpdate"",""s"":""BTCUSDT"",""u"":95191803827}"
1780751797,250480000,spot,depth5,0,0,9,BTCUSDT,"{""asks"":[[""60944.51000000"",""1.19901000""],[""60944.52000000"",""0.00044000""],[""60944.53000000"",""0.00017000""],[""60945.02000000"",""0.00040000""],[""60945.11000000"",""0.00018000""]],""bids"":[[""60944.50000000"",""0.68656000""],[""60944.49000000"",""0.00107000""],[""60944.48000000"",""0.00017000""],[""60944.40000000"",""0.00009000""],[""60943.97000000"",""0.00009000""]],""lastUpdateId"":95191803907}"
1780751797,250518000,spot,depth_diff,0,0,10,BTCUSDT,"{""E"":1780751797214,""U"":95191803828,""a"":[[""60944.51000000"",""1.19901000""],[""60944.52000000"",""0.00044000""],[""60945.61000000"",""0.08045000""],[""60945.72000000"",""0.00009000""],[""60945.73000000"",""0.03761000""],[""60946.34000000"",""0.05641000""],[""60946.88000000"",""0.00000000""],[""60955.22000000"",""0.05230000""],[""60955.33000000"",""0.05221000""],[""60981.08000000"",""0.00000000""]],""b"":[[""60944.50000000"",""0.68656000""],[""60943.32000000"",""0.00009000""],[""60943.31000000"",""0.00027000""],[""60942.13000000"",""0.00000000""],[""60942.12000000"",""0.00027000""],[""60942.03000000"",""0.04130000""],[""60941.98000000"",""0.00906000""],[""60941.80000000"",""0.00018000""],[""60940.94000000"",""0.00018000""],[""60940.93000000"",""0.05258000""],[""60940.55000000"",""0.00009000""],[""60940.54000000"",""0.07110000""],[""60940.26000000"",""0.11257000""],[""60939.43000000"",""0.06800000""],[""60938.75000000"",""0.12178000""],[""60938.40000000"",""0.27300000""],[""60937.70000000"",""0.02000000""],[""60934.35000000"",""0.00000000""],[""60886.01000000"",""0.00000000""],[""60824.67000000"",""0.00000000""],[""54850.05000000"",""0.00510000""],[""48755.60000000"",""0.00000000""]],""e"":""depthUpdate"",""s"":""BTCUSDT"",""u"":95191803907}"
1780751797,349889000,spot,depth5,0,0,11,BTCUSDT,"{""asks"":[[""60944.51000000"",""1.21959000""],[""60944.52000000"",""0.00044000""],[""60944.53000000"",""0.00017000""],[""60945.02000000"",""0.00040000""],[""60945.11000000"",""0.00018000""]],""bids"":[[""60944.50000000"",""0.68557000""],[""60944.49000000"",""0.00107000""],[""60944.48000000"",""0.00017000""],[""60944.40000000"",""0.00009000""],[""60943.97000000"",""0.00009000""]],""lastUpdateId"":95191803987}"
1780751797,349925000,spot,depth_diff,0,0,12,BTCUSDT,"{""E"":1780751797314,""U"":95191803908,""a"":[[""60944.51000000"",""1.21959000""],[""60944.52000000"",""0.00044000""],[""60945.61000000"",""0.08045000""],[""60945.73000000"",""0.03779000""],[""60946.00000000"",""0.00618000""],[""60946.34000000"",""0.05659000""],[""60947.35000000"",""0.01631000""],[""60947.41000000"",""0.05249000""],[""60948.00000000"",""0.16769000""],[""60950.24000000"",""0.00000000""],[""60952.62000000"",""0.00000000""],[""60954.03000000"",""0.05221000""],[""60957.60000000"",""0.05221000""],[""60957.92000000"",""0.05221000""],[""60961.14000000"",""0.00400000""],[""60962.39000000"",""0.00000000""],[""60968.89000000"",""0.00431000""],[""77800.21000000"",""0.00019000""],[""81885.39000000"",""0.00052000""]],""b"":[[""60944.50000000"",""0.68557000""],[""60943.31000000"",""0.00009000""],[""60942.38000000"",""0.00000000""],[""60942.37000000"",""0.00018000""],[""60942.12000000"",""0.05006000""],[""60942.03000000"",""0.04130000""],[""60941.99000000"",""0.00018000""],[""60941.98000000"",""0.00924000""],[""60941.80000000"",""0.00000000""],[""60940.26000000"",""0.11275000""],[""60936.71000000"",""0.00048000""],[""60935.86000000"",""0.00069000""],[""60934.37000000"",""0.05221000""],[""60926.35000000"",""0.00000000""],[""60925.15000000"",""0.00400000""],[""60890.19000000"",""0.00335000""],[""60860.59000000"",""0.31192000""],[""60846.45000000"",""0.00000000""],[""60828.43000000"",""0.00134000""],[""54850.05000000"",""0.00510000""]],""e"":""depthUpdate"",""s"":""BTCUSDT"",""u"":95191803987}"
1780751797,449727000,spot,depth5,0,0,13,BTCUSDT,"{""asks"":[[""60944.51000000"",""1.21950000""],[""60944.52000000"",""0.00035000""],[""60944.53000000"",""0.00017000""],[""60945.02000000"",""0.00040000""],[""60945.11000000"",""0.00018000""]],""bids"":[[""60944.50000000"",""0.68521000""],[""60944.49000000"",""0.00098000""],[""60944.48000000"",""0.00017000""],[""60944.40000000"",""0.00009000""],[""60943.97000000"",""0.00009000""]],""lastUpdateId"":95191804038}"
1780751797,449773000,spot,depth_diff,0,0,14,BTCUSDT,"{""E"":1780751797414,""U"":95191803988,""a"":[[""60944.51000000"",""1.21950000""],[""60944.52000000"",""0.00035000""],[""60968.81000000"",""0.00200000""],[""60970.17000000"",""0.00000000""],[""60981.08000000"",""0.00615000""],[""61051.81000000"",""0.00000000""],[""61052.05000000"",""0.08590000""]],""b"":[[""60944.50000000"",""0.68521000""],[""60944.49000000"",""0.00098000""],[""60943.32000000"",""0.00000000""],[""60943.31000000"",""0.00000000""],[""60943.22000000"",""0.01622000""],[""60942.71000000"",""0.00009000""],[""60942.37000000"",""0.00000000""],[""60942.13000000"",""0.00018000""],[""60942.12000000"",""0.05024000""],[""60941.99000000"",""0.00000000""],[""60921.40000000"",""0.00000000""],[""60920.04000000"",""0.00200000""],[""60907.93000000"",""0.01096000""],[""60793.83000000"",""0.00000000""],[""60787.71000000"",""0.00972000""],[""54850.05000000"",""0.00510000""]],""e"":""depthUpdate"",""s"":""BTCUSDT"",""u"":95191804038}"
1780751797,549917000,spot,depth5,0,0,15,BTCUSDT,"{""asks"":[[""60944.51000000"",""1.23118000""],[""60944.52000000"",""0.00035000""],[""60944.53000000"",""0.00017000""],[""60944.65000000"",""0.00018000""],[""60944.66000000"",""0.17137000""]],""bids"":[[""60944.50000000"",""0.36626000""],[""60944.49000000"",""0.00098000""],[""60944.48000000"",""0.00017000""],[""60944.40000000"",""0.00009000""],[""60943.97000000"",""0.00009000""]],""lastUpdateId"":95191804114}"
1780751797,550064000,spot,depth_diff,0,0,16,BTCUSDT,"{""E"":1780751797514,""U"":95191804039,""a"":[[""60944.51000000"",""1.23118000""],[""60944.65000000"",""0.00018000""],[""60944.66000000"",""0.17137000""],[""60945.72000000"",""0.00000000""],[""60946.88000000"",""0.04073000""],[""60948.00000000"",""0.00600000""],[""60953.06000000"",""0.00000000""],[""60956.64000000"",""0.00009000""],[""60963.78000000"",""0.59078000""],[""60966.34000000"",""0.00000000""],[""60973.14000000"",""1.62440000""],[""60980.71000000"",""0.00000000""],[""60981.08000000"",""0.00000000""],[""61183.67000000"",""0.00000000""]],""b"":[[""60944.50000000"",""0.36626000""],[""60943.23000000"",""0.00000000""],[""60943.22000000"",""0.00018000""],[""60942.13000000"",""0.00000000""],[""60942.12000000"",""0.00027000""],[""60941.99000000"",""0.00000000""],[""60941.98000000"",""0.00018000""],[""60941.28000000"",""0.00153000""],[""60940.55000000"",""0.00018000""],[""60940.54000000"",""0.00018000""],[""60940.27000000"",""0.00018000""],[""60940.26000000"",""0.05331000""],[""60939.44000000"",""0.00009000""],[""60939.07000000"",""0.00000000""],[""60938.76000000"",""0.00000000""],[""60938.45000000"",""0.07092000""],[""60938.07000000"",""0.00000000""],[""60937.70000000"",""0.00000000""],[""60936.96000000"",""0.00000000""],[""60936.29000000"",""0.05245000""],[""60934.99000000"",""0.00286000""],[""60934.39000000"",""0.05221000""],[""60934.38000000"",""1.77082000""],[""60934.37000000"",""0.00000000""],[""60934.36000000"",""0.00000000""],[""60934.18000000"",""0.00820000""],[""60934.17000000"",""0.00000000""],[""60933.89000000"",""0.02000000""],[""60932.25000000"",""0.00009000""],[""60931.78000000"",""0.00000000""],[""60929.56000000"",""1.77082000""],[""60929.55000000"",""0.00000000""],[""60928.35000000"",""0.00000000""],[""60922.21000000"",""0.00000000""],[""60914.96000000"",""0.00000000""],[""60905.63000000"",""0.59134000""],[""60890.29000000"",""1.62661000""],[""54850.05000000"",""0.00510000""],[""48755.60000000"",""0.00041000""]],""e"":""depthUpdate"",""s"":""BTCUSDT"",""u"":95191804114}"
1780751797,649647000,spot,depth5,0,0,17,BTCUSDT,"{""asks"":[[""60944.51000000"",""1.23119000""],[""60944.52000000"",""0.00035000""],[""60944.53000000"",""0.00017000""],[""60944.66000000"",""0.00018000""],[""60945.02000000"",""0.00040000""]],""bids"":[[""60944.50000000"",""0.36626000""],[""60944.49000000"",""0.00098000""],[""60944.48000000"",""0.00017000""],[""60944.40000000"",""0.00009000""],[""60943.97000000"",""0.00009000""]],""lastUpdateId"":95191804206}"
1780751797,649686000,spot,depth_diff,0,0,18,BTCUSDT,"{""E"":1780751797614,""U"":95191804115,""a"":[[""60944.51000000"",""1.23119000""],[""60944.65000000"",""0.00000000""],[""60944.66000000"",""0.00018000""],[""60945.72000000"",""0.00009000""],[""60946.34000000"",""0.05659000""],[""60946.89000000"",""0.05231000""],[""60947.60000000"",""0.04000000""],[""60952.27000000"",""2.29055000""],[""60954.03000000"",""0.00000000""],[""60956.56000000"",""0.00000000""],[""60957.60000000"",""0.00000000""],[""60957.92000000"",""0.00000000""],[""60961.34000000"",""0.00200000""],[""60962.79000000"",""0.00016000""],[""60963.01000000"",""0.00000000""],[""60974.84000000"",""0.00000000""],[""60981.08000000"",""0.00016000""],[""60993.12000000"",""0.00000000""],[""60999.36000000"",""0.00016000""],[""61011.41000000"",""0.00000000""],[""61017.64000000"",""0.00033000""],[""61029.69000000"",""0.00000000""],[""61035.93000000"",""0.00016000""],[""85431.80000000"",""0.00057000""]],""b"":[[""60944.50000000"",""0.36626000""],[""60944.49000000"",""0.00098000""],[""60943.22000000"",""0.00000000""],[""60942.12000000"",""0.00009000""],[""60942.03000000"",""0.00018000""],[""60941.98000000"",""0.00000000""],[""60940.93000000"",""0.05249000""],[""60940.55000000"",""0.00000000""],[""60940.54000000"",""0.00000000""],[""60939.44000000"",""0.00018000""],[""60939.43000000"",""0.06818000""],[""60938.78000000"",""0.00009000""],[""60938.77000000"",""0.05258000""],[""60938.75000000"",""0.12205000""],[""60936.78000000"",""0.00048000""],[""60926.43000000"",""0.00000000""],[""60926.22000000"",""0.00016000""],[""60924.85000000"",""0.00200000""],[""60919.99000000"",""0.00586000""],[""60907.93000000"",""0.01112000""],[""60901.71000000"",""0.00000000""],[""60889.65000000"",""0.00016000""],[""60883.43000000"",""0.00000000""],[""60871.37000000"",""0.00016000""],[""60865.14000000"",""0.00000000""],[""60853.08000000"",""0.00016000""],[""60846.86000000"",""0.00000000""],[""54850.05000000"",""0.00510000""],[""48755.60000000"",""0.00000000""]],""e"":""depthUpdate"",""s"":""BTCUSDT"",""u"":95191804206}"
1780751797,668357000,spot,trade,0,0,19,BTCUSDT,"{""E"":1780751797632,""M"":true,""T"":1780751797632,""e"":""trade"",""m"":true,""p"":""60944.50000000"",""q"":""0.02595000"",""s"":""BTCUSDT"",""t"":6378737278}"
1780751797,749605000,spot,depth5,0,0,20,BTCUSDT,"{""asks"":[[""60944.51000000"",""1.23119000""],[""60944.52000000"",""0.00035000""],[""60944.53000000"",""0.00017000""],[""60945.02000000"",""0.00040000""],[""60945.11000000"",""0.00018000""]],""bids"":[[""60944.50000000"",""0.34013000""],[""60944.49000000"",""0.00080000""],[""60944.48000000"",""0.00017000""],[""60944.40000000"",""0.00009000""],[""60943.97000000"",""0.00009000""]],""lastUpdateId"":95191804249}"
1780751797,749741000,spot,depth_diff,0,0,21,BTCUSDT,"{""E"":1780751797714,""U"":95191804207,""a"":[[""60944.51000000"",""1.23119000""],[""60944.66000000"",""0.00000000""],[""60946.88000000"",""0.04091000""],[""60951.76000000"",""0.00000000""],[""60951.77000000"",""0.16408000""],[""60965.62000000"",""0.00400000""],[""60968.18000000"",""0.00000000""]],""b"":[[""60944.50000000"",""0.34013000""],[""60944.49000000"",""0.00080000""],[""60942.04000000"",""0.00000000""],[""60942.03000000"",""0.00000000""],[""60938.78000000"",""0.00018000""],[""60938.76000000"",""0.00009000""],[""60938.27000000"",""0.22320000""],[""60937.77000000"",""0.10541000""],[""60935.82000000"",""0.00000000""],[""60919.90000000"",""0.00000000""],[""60917.49000000"",""0.00400000""],[""60784.37000000"",""0.09810000""],[""54850.05000000"",""0.00510000""],[""54850.00000000"",""0.21232000""]],""e"":""depthUpdate"",""s"":""BTCUSDT"",""u"":95191804249}"
1780751797,773116000,spot,trade,0,0,22,BTCUSDT,"{""E"":1780751797738,""M"":true,""T"":1780751797737,""e"":""trade"",""m"":false,""p"":""60944.51000000"",""q"":""0.00023000"",""s"":""BTCUSDT"",""t"":6378737279}"
1780751797,825238000,spot,trade,0,0,23,BTCUSDT,"{""E"":1780751797790,""M"":true,""T"":1780751797789,""e"":""trade"",""m"":true,""p"":""60944.50000000"",""q"":""0.00025000"",""s"":""BTCUSDT"",""t"":6378737280}"
1780751797,849563000,spot,depth5,0,0,24,BTCUSDT,"{""asks"":[[""60944.51000000"",""1.23096000""],[""60944.52000000"",""0.00035000""],[""60944.53000000"",""0.00017000""],[""60945.02000000"",""0.00040000""],[""60945.11000000"",""0.00018000""]],""bids"":[[""60944.50000000"",""0.33934000""],[""60944.49000000"",""0.00080000""],[""60944.48000000"",""0.00017000""],[""60944.40000000"",""0.00009000""],[""60943.97000000"",""0.00009000""]],""lastUpdateId"":95191804273}"
1780751797,849723000,spot,depth_diff,0,0,25,BTCUSDT,"{""E"":1780751797814,""U"":95191804250,""a"":[[""60944.51000000"",""1.23096000""],[""60955.33000000"",""0.00000000""],[""60968.89000000"",""0.01046000""],[""86170.86000000"",""0.00028000""]],""b"":[[""60944.50000000"",""0.33934000""],[""60942.00000000"",""0.00136000""],[""60941.28000000"",""0.00000000""],[""60938.45000000"",""0.07110000""],[""60938.40000000"",""0.27318000""],[""60938.29000000"",""0.05258000""],[""54850.05000000"",""0.00510000""],[""48756.00000000"",""0.00609000""]],""e"":""depthUpdate"",""s"":""BTCUSDT"",""u"":95191804273}"
1780751797,949834000,spot,depth5,0,0,26,BTCUSDT,"{""asks"":[[""60944.51000000"",""1.23096000""],[""60944.52000000"",""0.00035000""],[""60944.53000000"",""0.00017000""],[""60945.02000000"",""0.00040000""],[""60945.11000000"",""0.00018000""]],""bids"":[[""60944.50000000"",""0.35564000""],[""60944.49000000"",""0.00080000""],[""60944.48000000"",""0.00017000""],[""60944.40000000"",""0.00009000""],[""60943.97000000"",""0.00009000""]],""lastUpdateId"":95191804288}"
1780751797,949870000,spot,depth_diff,0,0,27,BTCUSDT,"{""E"":1780751797914,""U"":95191804274,""a"":[],""b"":[[""60944.50000000"",""0.35564000""],[""60943.93000000"",""0.00009000""],[""60942.71000000"",""0.00000000""],[""60941.89000000"",""0.00000000""],[""60926.98000000"",""0.01641000""],[""54850.05000000"",""0.00510000""],[""48756.00000000"",""0.00209000""],[""48755.60000000"",""0.00000000""]],""e"":""depthUpdate"",""s"":""BTCUSDT"",""u"":95191804288}"
1780751798,50002000,spot,depth5,0,0,28,BTCUSDT,"{""asks"":[[""60944.51000000"",""1.23096000""],[""60944.52000000"",""0.00035000""],[""60944.53000000"",""0.00017000""],[""60945.02000000"",""0.00040000""],[""60945.11000000"",""0.00018000""]],""bids"":[[""60944.50000000"",""0.35564000""],[""60944.49000000"",""0.00080000""],[""60944.48000000"",""0.00017000""],[""60944.40000000"",""0.00009000""],[""60943.97000000"",""0.00009000""]],""lastUpdateId"":95191804300}"
1780751798,50047000,spot,depth_diff,0,0,29,BTCUSDT,"{""E"":1780751798014,""U"":95191804289,""a"":[[""60948.44000000"",""0.00893000""],[""60967.74000000"",""0.00200000""],[""60968.81000000"",""0.00000000""],[""61088.46000000"",""0.09821000""]],""b"":[[""60937.95000000"",""0.00907000""],[""60920.04000000"",""0.00000000""],[""60918.98000000"",""0.00200000""],[""54850.05000000"",""0.00510000""],[""48755.60000000"",""0.00041000""]],""e"":""depthUpdate"",""s"":""BTCUSDT"",""u"":95191804300}"
1780751798,150165000,spot,depth5,0,0,30,BTCUSDT,"{""asks"":[[""60944.51000000"",""1.23096000""],[""60944.52000000"",""0.00035000""],[""60944.53000000"",""0.00017000""],[""60945.02000000"",""0.00040000""],[""60945.11000000"",""0.00018000""]],""bids"":[[""60944.50000000"",""0.35564000""],[""60944.49000000"",""0.00080000""],[""60944.48000000"",""0.00017000""],[""60944.40000000"",""0.00009000""],[""60943.97000000"",""0.00009000""]],""lastUpdateId"":95191804310}"
1780751798,150207000,spot,depth_diff,0,0,31,BTCUSDT,"{""E"":1780751798114,""U"":95191804301,""a"":[[""60947.41000000"",""0.05258000""],[""60947.91000000"",""0.16126000""],[""60955.22000000"",""0.00009000""],[""86661.59000000"",""0.00020000""]],""b"":[[""60938.40000000"",""0.27353000""],[""60933.30000000"",""0.00010000""],[""54850.05000000"",""0.00510000""]],""e"":""depthUpdate"",""s"":""BTCUSDT"",""u"":95191804310}"
1780751798,250306000,spot,depth5,0,0,32,BTCUSDT,"{""asks"":[[""60944.51000000"",""1.23096000""],[""60944.52000000"",""0.00035000""],[""60944.53000000"",""0.00017000""],[""60945.02000000"",""0.00040000""],[""60945.11000000"",""0.00018000""]],""bids"":[[""60944.50000000"",""0.35564000""],[""60944.49000000"",""0.00080000""],[""60944.48000000"",""0.00017000""],[""60944.40000000"",""0.00009000""],[""60943.97000000"",""0.00009000""]],""lastUpdateId"":95191804321}"
1780751798,250356000,spot,depth_diff,0,0,33,BTCUSDT,"{""E"":1780751798214,""U"":95191804311,""a"":[[""60956.70000000"",""0.00010000""],[""60959.55000000"",""0.00400000""],[""60961.14000000"",""0.00000000""]],""b"":[[""60925.15000000"",""0.00000000""],[""60923.68000000"",""0.00400000""],[""54850.05000000"",""0.00510000""],[""48755.60000000"",""0.00000000""]],""e"":""depthUpdate"",""s"":""BTCUSDT"",""u"":95191804321}"
1780751798,349638000,spot,depth5,0,0,34,BTCUSDT,"{""asks"":[[""60944.51000000"",""1.23096000""],[""60944.52000000"",""0.00035000""],[""60944.53000000"",""0.00017000""],[""60945.02000000"",""0.00040000""],[""60945.11000000"",""0.00018000""]],""bids"":[[""60944.50000000"",""0.35564000""],[""60944.49000000"",""0.00080000""],[""60944.48000000"",""0.00017000""],[""60944.40000000"",""0.00009000""],[""60943.97000000"",""0.00009000""]],""lastUpdateId"":95191804331}"
1780751798,349698000,spot,depth_diff,0,0,35,BTCUSDT,"{""E"":1780751798314,""U"":95191804322,""a"":[[""60965.62000000"",""0.00000000""],[""60965.63000000"",""0.00400000""],[""60968.89000000"",""0.01046000""]],""b"":[[""60917.58000000"",""0.00400000""],[""60917.49000000"",""0.00000000""],[""54850.05000000"",""0.00510000""]],""e"":""depthUpdate"",""s"":""BTCUSDT"",""u"":95191804331}"
1780751798,372644000,spot,trade,0,0,36,BTCUSDT,"{""E"":1780751798336,""M"":true,""T"":1780751798336,""e"":""trade"",""m"":false,""p"":""60944.51000000"",""q"":""0.00017000"",""s"":""BTCUSDT"",""t"":6378737281}"
1780751798,428658000,spot,trade,0,0,37,BTCUSDT,"{""E"":1780751798392,""M"":true,""T"":1780751798392,""e"":""trade"",""m"":true,""p"":""60944.50000000"",""q"":""0.00125000"",""s"":""BTCUSDT"",""t"":6378737282}"
1780751798,450180000,spot,depth5,0,0,38,BTCUSDT,"{""asks"":[[""60944.51000000"",""1.21088000""],[""60944.52000000"",""0.00044000""],[""60944.53000000"",""0.00017000""],[""60945.02000000"",""0.00040000""],[""60945.11000000"",""0.00018000""]],""bids"":[[""60944.50000000"",""0.35699000""],[""60944.49000000"",""0.00080000""],[""60944.48000000"",""0.00017000""],[""60944.40000000"",""0.00009000""],[""60943.97000000"",""0.00009000""]],""lastUpdateId"":95191804365}"
1780751798,450289000,spot,depth_diff,0,0,39,BTCUSDT,"{""E"":1780751798414,""U"":95191804332,""a"":[[""60944.51000000"",""1.21088000""],[""60944.52000000"",""0.00044000""],[""60947.24000000"",""0.02000000""],[""60948.44000000"",""0.00000000""],[""60956.76000000"",""0.00000000""],[""60968.89000000"",""0.00431000""],[""60981.08000000"",""0.00016000""],[""87152.32000000"",""0.00019000""]],""b"":[[""60944.50000000"",""0.35699000""],[""60942.34000000"",""0.00161000""],[""60942.12000000"",""0.05230000""],[""60942.00000000"",""0.00000000""],[""60926.98000000"",""0.00000000""],[""60787.71000000"",""0.00000000""],[""60784.56000000"",""0.00972000""],[""54850.05000000"",""0.00510000""],[""48756.00000000"",""0.00209000""]],""e"":""depthUpdate"",""s"":""BTCUSDT"",""u"":95191804365}"
1780751798,549875000,spot,depth5,0,0,40,BTCUSDT,"{""asks"":[[""60944.51000000"",""1.21115000""],[""60944.52000000"",""0.00071000""],[""60944.53000000"",""0.00017000""],[""60945.02000000"",""0.00040000""],[""60945.11000000"",""0.00018000""]],""bids"":[[""60944.50000000"",""0.78976000""],[""60944.49000000"",""0.00080000""],[""60944.48000000"",""0.00017000""],[""60944.40000000"",""0.00009000""],[""60943.97000000"",""0.00009000""]],""lastUpdateId"":95191804403}"
1780751798,550140000,spot,depth_diff,0,0,41,BTCUSDT,"{""E"":1780751798514,""U"":95191804366,""a"":[[""60944.51000000"",""1.21115000""],[""60944.52000000"",""0.00071000""],[""60951.77000000"",""0.16408000""],[""60956.64000000"",""0.00009000""],[""60961.33000000"",""0.00200000""],[""60961.34000000"",""0.00000000""]],""b"":[[""60944.50000000"",""0.78976000""],[""60943.93000000"",""0.00000000""],[""60942.13000000"",""0.00018000""],[""60941.89000000"",""0.00009000""],[""60938.76000000"",""0.00000000""],[""60938.29000000"",""0.05240000""],[""60938.27000000"",""0.22311000""],[""60937.77000000"",""0.00000000""],[""60936.28000000"",""0.55474000""],[""60935.81000000"",""0.16408000""],[""60934.99000000"",""0.00000000""],[""60932.25000000"",""0.00009000""],[""60924.85000000"",""0.00000000""],[""60924.76000000"",""0.00200000""],[""60907.93000000"",""0.00630000""],[""54850.05000000"",""0.00510000""],[""48755.60000000"",""0.00041000""]],""e"":""depthUpdate"",""s"":""BTCUSDT"",""u"":95191804403}"
1780751798,650432000,spot,depth5,0,0,42,BTCUSDT,"{""asks"":[[""60944.51000000"",""1.23925000""],[""60944.52000000"",""0.00035000""],[""60944.53000000"",""0.00017000""],[""60945.02000000"",""0.00040000""],[""60945.11000000"",""0.00018000""]],""bids"":[[""60944.50000000"",""0.35467000""],[""60944.49000000"",""0.00080000""],[""60944.48000000"",""0.00017000""],[""60944.40000000"",""0.00009000""],[""60943.97000000"",""0.00009000""]],""lastUpdateId"":95191804454}"
1780751798,650658000,spot,depth_diff,0,0,43,BTCUSDT,"{""E"":1780751798614,""U"":95191804404,""a"":[[""60944.51000000"",""1.23925000""],[""60944.52000000"",""0.00035000""],[""60947.24000000"",""0.00000000""],[""60951.47000000"",""0.00000000""],[""60951.77000000"",""0.16408000""],[""60956.78000000"",""0.09850000""],[""60967.28000000"",""0.47098000""],[""60967.74000000"",""0.00000000""],[""87643.05000000"",""0.00020000""]],""b"":[[""60944.50000000"",""0.35467000""],[""60942.13000000"",""0.00000000""],[""60942.12000000"",""0.05188000""],[""60938.76000000"",""0.00009000""],[""60938.27000000"",""0.22320000""],[""60937.48000000"",""0.11433000""],[""60936.28000000"",""0.55188000""],[""60935.81000000"",""0.00000000""],[""60934.99000000"",""0.00286000""],[""60934.38000000"",""0.00000000""],[""60933.24000000"",""0.05221000""],[""60932.04000000"",""0.00000000""],[""60931.76000000"",""0.05221000""],[""60930.22000000"",""0.05231000""],[""60929.57000000"",""0.05221000""],[""60929.54000000"",""0.00000000""],[""60929.49000000"",""0.00400000""],[""60925.15000000"",""1.06705000""],[""60925.14000000"",""0.00000000""],[""60918.98000000"",""0.00000000""],[""60918.52000000"",""0.00200000""],[""60916.01000000"",""0.40219000""],[""60839.36000000"",""0.02570000""],[""60827.73000000"",""0.00000000""],[""54850.05000000"",""0.00510000""],[""48755.60000000"",""0.00000000""]],""e"":""depthUpdate"",""s"":""BTCUSDT"",""u"":95191804454}"
1780751798,749658000,spot,depth5,0,0,44,BTCUSDT,"{""asks"":[[""60944.51000000"",""1.23925000""],[""60944.52000000"",""0.00035000""],[""60944.53000000"",""0.00017000""],[""60945.02000000"",""0.00040000""],[""60945.11000000"",""0.00018000""]],""bids"":[[""60944.50000000"",""0.35476000""],[""60944.49000000"",""0.00089000""],[""60944.48000000"",""0.00017000""],[""60944.40000000"",""0.00009000""],[""60943.97000000"",""0.00009000""]],""lastUpdateId"":95191804471}"
1780751798,749724000,spot,depth_diff,0,0,45,BTCUSDT,"{""E"":1780751798714,""U"":95191804455,""a"":[[""60968.89000000"",""0.01046000""]],""b"":[[""60944.50000000"",""0.35476000""],[""60944.49000000"",""0.00089000""],[""60942.34000000"",""0.00000000""],[""60942.13000000"",""0.00018000""],[""60939.44000000"",""0.00000000""],[""60939.43000000"",""0.00018000""],[""60938.76000000"",""0.00009000""],[""60937.48000000"",""0.11442000""],[""60937.15000000"",""0.06800000""],[""54850.05000000"",""0.00510000""]],""e"":""depthUpdate"",""s"":""BTCUSDT"",""u"":95191804471}"
1780751798,850017000,spot,depth5,0,0,46,BTCUSDT,"{""asks"":[[""60944.51000000"",""1.23925000""],[""60944.52000000"",""0.00035000""],[""60944.53000000"",""0.00017000""],[""60945.02000000"",""0.00040000""],[""60945.11000000"",""0.00018000""]],""bids"":[[""60944.50000000"",""0.35467000""],[""60944.49000000"",""0.00080000""],[""60944.48000000"",""0.00017000""],[""60944.40000000"",""0.00009000""],[""60943.97000000"",""0.00009000""]],""lastUpdateId"":95191804491}"
1780751798,850183000,spot,depth_diff,0,0,47,BTCUSDT,"{""E"":1780751798814,""U"":95191804472,""a"":[[""60959.55000000"",""0.00000000""]],""b"":[[""60944.50000000"",""0.35467000""],[""60944.49000000"",""0.00080000""],[""60942.12000000"",""0.05206000""],[""60940.26000000"",""0.05322000""],[""60939.43000000"",""0.00000000""],[""60923.68000000"",""0.00000000""],[""60923.63000000"",""0.00400000""],[""60907.93000000"",""0.01112000""],[""54850.05000000"",""0.00490000""]],""e"":""depthUpdate"",""s"":""BTCUSDT"",""u"":95191804491}"
1780751798,950133000,spot,depth5,0,0,48,BTCUSDT,"{""asks"":[[""60944.51000000"",""1.23925000""],[""60944.52000000"",""0.00035000""],[""60944.53000000"",""0.00017000""],[""60945.02000000"",""0.00040000""],[""60945.11000000"",""0.00018000""]],""bids"":[[""60944.50000000"",""0.35467000""],[""60944.49000000"",""0.00080000""],[""60944.48000000"",""0.00017000""],[""60944.40000000"",""0.00009000""],[""60943.97000000"",""0.00009000""]],""lastUpdateId"":95191804505}"
1780751798,950177000,spot,depth_diff,0,0,49,BTCUSDT,"{""E"":1780751798914,""U"":95191804492,""a"":[[""61088.46000000"",""0.00000000""]],""b"":[[""60839.36000000"",""0.00000000""],[""60784.37000000"",""0.00000000""],[""59616.16000000"",""0.01946000""],[""54850.05000000"",""0.00490000""],[""54850.00000000"",""0.21232000""],[""48755.60000000"",""0.00000000""]],""e"":""depthUpdate"",""s"":""BTCUSDT"",""u"":95191804505}"
